mass,RT,peptide,chargeState
575.31113,13.55,LVNEVTEFAK,2
756.055877685547,21.4991666666666,ALVLIAFAQYLQQCPFEDHVK,3
761.730285644531,20.5422777777778,ALVLIAFAQYLQQCPFEDHVK,3
763.055725097656,25.7903333333333,ALVLIAFAQYLQQCPFEDHVK,3
773.730570475261,22.0513333333333,ALVLIAFAQYLQQCPFEDHVK,3
801.389221191406,23.5898333333333,ALVLIAFAQYLQQCPFEDHVK,3
804.779907226563,24.9231666666667,ALVLIAFAQYLQQCPFEDHVK,3
805.761703491211,27.0449166666667,ALVLIAFAQYLQQCPFEDHVK,3
806.062072753906,23.8891666666667,ALVLIAFAQYLQQCPFEDHVK,3
809.40028889974,22.2493333333334,ALVLIAFAQYLQQCPFEDHVK,3
809.401168823242,22.8930833333333,ALVLIAFAQYLQQCPFEDHVK,3
811.087117513021,26.8985,ALVLIAFAQYLQQCPFEDHVK,3
811.758239746094,27.4548333333333,ALVLIAFAQYLQQCPFEDHVK,3
811.758361816406,28.1145,ALVLIAFAQYLQQCPFEDHVK,3
816.431396484375,28.2693333333333,ALVLIAFAQYLQQCPFEDHVK,3
821.42626953125,27.5131666666667,ALVLIAFAQYLQQCPFEDHVK,3
821.758605957031,27.5563333333333,ALVLIAFAQYLQQCPFEDHVK,3
822.083435058594,27.4035,ALVLIAFAQYLQQCPFEDHVK,3
822.422180175781,26.9338888888889,ALVLIAFAQYLQQCPFEDHVK,3
826.742065429688,27.3461666666667,ALVLIAFAQYLQQCPFEDHVK,3
827.094757080078,27.4661666666667,ALVLIAFAQYLQQCPFEDHVK,3
827.753265380859,27.2160833333334,ALVLIAFAQYLQQCPFEDHVK,3
829.44775390625,27.9553333333333,ALVLIAFAQYLQQCPFEDHVK,3
830.078979492188,27.6565,ALVLIAFAQYLQQCPFEDHVK,3
832.425354003906,27.6798333333333,ALVLIAFAQYLQQCPFEDHVK,3
833.703369140625,24.1043333333333,ALVLIAFAQYLQQCPFEDHVK,3
834.775085449219,27.0915,ALVLIAFAQYLQQCPFEDHVK,3
839.061950683594,29.5845,ALVLIAFAQYLQQCPFEDHVK,3
839.105163574219,27.5165,ALVLIAFAQYLQQCPFEDHVK,3
841.400207519531,20.0675,ALVLIAFAQYLQQCPFEDHVK,3
841.678100585938,27.2393333333333,ALVLIAFAQYLQQCPFEDHVK,3
843.085021972656,22.1555,ALVLIAFAQYLQQCPFEDHVK,3
844.086059570313,25.6125,ALVLIAFAQYLQQCPFEDHVK,3
845.110473632813,27.457,ALVLIAFAQYLQQCPFEDHVK,3
846.428771972656,22.6053333333333,ALVLIAFAQYLQQCPFEDHVK,3
846.743896484375,22.5496666666667,ALVLIAFAQYLQQCPFEDHVK,3
846.755981445313,22.3773333333333,ALVLIAFAQYLQQCPFEDHVK,3
848.097473144531,24.5481666666667,ALVLIAFAQYLQQCPFEDHVK,3
852.07421875,26.2146666666667,ALVLIAFAQYLQQCPFEDHVK,3
857.441935221354,28.0075555555556,ALVLIAFAQYLQQCPFEDHVK,3
857.755920410156,26.357,ALVLIAFAQYLQQCPFEDHVK,3
865.08642578125,22.1881666666667,ALVLIAFAQYLQQCPFEDHVK,3
866.472778320313,22.6728333333333,ALVLIAFAQYLQQCPFEDHVK,3
870.435363769531,25.9131666666667,ALVLIAFAQYLQQCPFEDHVK,3
876.432861328125,23.2356666666667,ALVLIAFAQYLQQCPFEDHVK,3
887.111145019531,24.3773333333333,ALVLIAFAQYLQQCPFEDHVK,3
887.437622070313,24.411,ALVLIAFAQYLQQCPFEDHVK,3
893.082214355469,21.1161666666667,ALVLIAFAQYLQQCPFEDHVK,3
894.774353027344,26.4341666666667,ALVLIAFAQYLQQCPFEDHVK,3
905.125610351563,20.0346666666667,ALVLIAFAQYLQQCPFEDHVK,3
909.777221679688,21.1223333333333,ALVLIAFAQYLQQCPFEDHVK,3
913.448394775391,26.22675,ALVLIAFAQYLQQCPFEDHVK,3
918.120422363281,26.6885,ALVLIAFAQYLQQCPFEDHVK,3
927.761291503906,26.269,ALVLIAFAQYLQQCPFEDHVK,3
942.128153483073,21.0125555555556,ALVLIAFAQYLQQCPFEDHVK,3
942.460632324219,21.3686666666667,ALVLIAFAQYLQQCPFEDHVK,3
943.121917724609,22.5465833333333,ALVLIAFAQYLQQCPFEDHVK,3
980.8017578125,26.9381666666667,ALVLIAFAQYLQQCPFEDHVK,3
983.441040039063,22.2441666666667,ALVLIAFAQYLQQCPFEDHVK,3
